Date/Time Opened,Provisioned with Installation
10/21/19 4:11,0
6/21/21 3:29,0
3/23/23 4:22,0
1/20/21 0:22,0
6/17/20 5:15,1
11/26/21 1:45,0
12/4/22 22:56,0
3/29/22 2:56,1
3/29/22 4:10,0
5/24/23 8:18,0
1/14/20 4:32,1
7/15/21 1:25,0
7/7/23 5:20,0
1/9/23 6:04,0
2/20/23 6:55,0
1/20/21 0:22,0
10/29/20 2:15,1
11/26/21 6:11,0
2/28/22 19:39,0
3/28/22 22:47,1
3/29/22 3:10,0
7/8/21 10:31,0
7/29/22 8:48,0
7/15/21 1:25,0
7/7/23 3:35,0
6/8/22 7:33,0
2/20/23 6:57,0
1/20/21 0:22,0
6/17/20 5:15,1
8/25/21 6:57,0
2/28/22 19:39,1
7/12/22 15:00,1
3/29/22 3:41,0
5/4/21 5:18,0
3/30/22 2:18,0
7/15/21 1:25,0
7/6/23 0:09,0
10/21/19 4:09,1
2/20/23 6:58,0
1/20/21 0:22,0
1/21/21 5:44,0
4/1/22 2:58,0
3/1/22 18:47,1
3/28/22 20:50,0
2/3/23 14:49,0
5/24/23 8:18,0
3/16/20 9:52,0
7/15/21 1:25,0
7/14/23 7:58,0
10/21/19 3:53,0
2/20/23 6:59,0
1/20/21 0:22,0
1/21/21 5:44,0
3/14/22 14:27,0
2/13/22 23:12,0
3/29/22 3:08,0
3/29/22 3:03,0
5/13/22 6:04,0
3/16/20 9:52,0
7/15/21 2:44,0
7/14/23 7:52,0
10/21/19 3:53,1
4/18/23 1:30,0
1/20/21 0:22,0
1/21/21 5:44,0
3/14/22 14:25,0
2/13/22 23:12,1
3/28/22 21:47,0
3/28/22 23:24,0
6/14/22 4:35,0
3/16/20 9:52,0
7/15/21 2:44,0
7/14/23 7:52,0
10/21/19 3:53,0
3/23/23 4:19,0
1/20/21 0:22,0
1/21/21 5:44,1
3/14/22 14:27,0
2/13/22 23:12,0
3/28/22 21:32,0
2/3/23 14:49,1
5/23/22 3:55,0
2/2/21 8:10,0
7/15/21 2:44,0
7/14/23 7:52,0
10/21/19 3:53,1
4/25/23 6:21,0
1/20/21 0:22,0
1/21/21 5:44,0
3/14/22 14:23,0
2/13/22 23:12,0
3/28/22 21:47,0
3/28/22 21:50,0
8/9/22 1:57,0
2/2/21 8:10,0
7/15/21 2:44,0
7/14/23 7:52,0
10/21/19 3:53,0
4/25/23 6:22,0
1/20/21 0:22,0
1/21/21 5:44,0
3/14/22 14:25,0
2/13/22 23:12,1
3/29/22 0:19,0
2/3/23 14:49,0
4/1/21 6:03,1
2/2/21 8:10,0
7/15/21 2:44,0
7/14/23 7:52,0
5/3/22 5:50,0
4/25/23 6:24,0
1/20/21 0:22,0
1/21/21 5:44,1
5/10/23 3:02,0
2/13/22 23:12,0
3/28/22 21:32,0
2/3/23 14:49,1
5/20/21 2:38,0
2/2/21 8:10,0
7/15/21 2:44,0
7/14/23 7:53,0
7/11/22 2:37,0
4/25/23 6:25,0
1/20/21 0:22,0
1/18/21 5:13,0
5/27/20 6:04,0
2/13/22 23:12,1
3/29/22 3:08,0
2/3/23 14:49,0
12/3/20 12:21,0
4/16/20 8:57,0
7/15/21 2:44,0
7/4/23 10:11,0
6/7/22 7:20,0
5/8/23 13:02,0
1/20/21 0:22,0
1/21/21 5:44,0
6/17/20 7:34,0
9/8/22 23:42,1
3/29/22 3:08,0
11/8/22 12:16,0
5/24/23 8:18,0
4/16/20 8:57,0
7/15/21 2:44,0
7/4/23 10:10,0
10/21/19 4:05,1
4/5/23 6:04,0
1/20/21 0:22,0
1/21/21 5:44,0
8/21/20 0:50,1
9/26/22 14:44,0
3/29/22 3:08,0
8/24/22 14:24,0
4/1/21 0:29,0
4/16/20 8:57,0
7/15/21 2:44,0
7/6/23 7:12,0
10/21/19 3:53,0
5/23/23 7:18,0
1/20/21 0:22,0
1/21/21 5:44,0
10/14/21 1:02,0
9/26/22 14:47,1
3/29/22 3:08,0
8/24/22 14:24,0
6/20/21 10:44,0
2/2/21 8:10,0
7/15/21 0:54,0
7/6/23 9:53,0
10/21/19 3:53,0
6/6/23 0:02,0
1/20/21 0:21,0
1/21/21 5:45,1
8/7/20 7:28,0
9/10/22 13:36,1
3/29/22 0:19,0
8/24/22 14:24,0
7/5/23 3:53,0
4/16/20 8:57,0
7/15/21 0:54,0
7/6/23 9:53,0
7/2/21 1:48,0
6/5/23 6:50,0
1/20/21 0:21,0
1/21/21 5:45,0
8/7/20 7:28,0
9/8/22 23:41,0
3/29/22 0:19,0
6/26/23 13:30,0
7/15/21 1:11,0
2/2/21 8:10,0
7/15/21 0:54,0
7/6/23 9:53,0
1/9/23 5:50,0
5/19/23 1:12,0
1/20/21 0:21,0
1/21/21 5:45,1
8/7/20 7:28,0
6/23/22 17:00,0
3/29/22 3:08,0
2/3/23 14:50,1
5/24/23 8:18,0
4/16/20 8:57,0
7/15/21 0:54,0
7/6/23 9:53,0
10/21/19 3:52,0
4/14/23 7:12,0
1/20/21 0:21,0
1/21/21 5:45,0
11/20/20 4:42,0
6/23/22 17:01,1
3/28/22 21:32,0
8/24/22 14:24,0
4/29/21 1:04,0
4/16/20 8:57,0
7/15/21 0:54,0
7/6/23 9:53,0
10/21/19 3:52,0
4/18/23 7:20,0
1/20/21 0:21,0
1/21/21 5:45,0
8/10/20 4:35,0
6/23/22 17:02,1
3/29/22 3:08,0
8/24/22 14:24,0
12/11/19 4:34,0
4/16/20 8:57,0
7/15/21 0:54,0
7/10/23 8:48,0
10/21/19 3:52,0
4/18/23 7:22,0
1/20/21 0:21,0
1/21/21 5:45,1
12/16/20 2:03,0
6/23/22 17:04,0
7/12/22 15:06,1
1/3/23 10:24,0
5/24/23 8:18,0
4/16/20 8:57,0
7/15/21 0:54,0
7/10/23 9:09,0
10/21/19 3:53,1
4/18/23 7:23,0
1/20/21 0:21,0
1/21/21 5:44,0
4/15/21 4:42,0
6/23/22 17:04,1
3/28/22 22:31,0
11/18/22 13:14,0
5/24/23 8:18,0
4/16/20 8:57,0
7/15/21 0:54,0
7/7/23 5:28,0
10/21/19 4:09,1
4/18/23 7:24,0
1/20/21 0:21,0
1/21/21 5:44,1
4/15/21 4:42,0
6/23/22 17:05,1
3/28/22 22:15,0
1/21/23 16:39,0
6/30/23 6:12,0
4/16/20 8:57,0
7/15/21 0:54,0
11/4/22 11:46,1
10/21/19 4:09,0
4/18/23 7:25,0
1/20/21 0:21,0
1/21/21 5:44,0
2/16/21 7:18,0
6/23/22 17:06,0
3/28/22 22:31,0
10/3/22 9:48,1
12/11/19 4:30,0
4/7/20 6:09,0
7/15/21 0:54,0
11/4/22 5:19,1
2/15/22 0:22,0
4/19/23 2:14,0
1/20/21 0:21,1
1/21/21 5:44,1
2/16/21 7:18,0
6/23/22 17:06,0
3/28/22 19:46,0
10/3/22 9:46,0
4/26/23 1:58,0
4/7/20 6:09,0
7/15/21 0:54,0
11/4/22 10:43,1
1/9/23 5:51,0
4/19/23 2:15,0
1/20/21 0:21,0
1/21/21 5:44,1
4/15/21 4:42,0
6/23/22 17:07,0
3/28/22 22:31,0
4/22/22 12:21,0
2/16/23 8:35,0
8/8/22 4:44,0
7/15/21 0:54,0
11/4/22 10:43,0
10/21/19 3:53,0
4/19/23 1:57,0
1/20/21 0:21,0
1/27/21 10:14,0
4/15/21 4:42,0
6/23/22 17:07,1
3/28/22 19:46,0
10/3/22 9:59,0
2/16/23 8:28,0
3/3/22 8:10,0
7/15/21 0:54,0
11/3/22 7:34,0
10/21/19 4:13,0
4/19/23 2:13,0
1/20/21 0:21,0
2/10/20 21:46,1
4/15/21 4:42,0
6/23/22 17:08,1
3/28/22 22:31,0
10/31/22 9:48,1
2/16/23 8:28,0
1/7/20 1:25,0
7/15/21 1:33,0
11/7/22 11:45,0
10/21/19 4:13,0
4/19/23 1:55,0
1/20/21 0:51,0
1/21/21 5:44,1
4/15/21 4:42,0
6/9/22 18:23,1
3/28/22 22:31,0
10/31/22 9:49,0
2/16/23 8:28,0
1/7/20 1:25,0
7/15/21 1:33,0
12/2/22 9:44,1
10/21/19 4:13,0
4/19/23 2:03,0
1/20/21 0:22,0
1/21/21 5:44,1
4/15/21 4:42,0
11/2/22 20:03,0
3/28/22 21:04,0
11/7/22 10:30,0
5/23/23 1:55,0
3/30/22 2:17,0
7/15/21 1:33,0
12/1/22 9:31,1
10/21/19 4:13,0
4/19/23 2:04,0
1/20/21 0:22,0
1/21/21 5:44,0
10/19/20 0:55,0
6/23/22 15:44,0
3/28/22 22:32,0
11/7/22 10:31,0
5/23/23 1:49,0
1/7/20 1:22,0
7/15/21 1:33,0
2/16/22 7:21,0
4/7/22 5:21,1
4/19/23 0:43,0
1/20/21 0:22,0
1/21/21 5:44,0
8/21/20 0:52,1
11/13/22 13:54,1
3/28/22 22:31,0
11/7/22 10:32,0
3/6/23 7:57,0
1/7/20 1:22,0
7/15/21 1:33,0
10/5/22 7:43,0
11/3/21 3:14,0
4/19/23 2:11,0
1/20/21 0:22,0
1/21/21 5:44,1
3/17/21 5:00,0
11/15/22 15:54,0
7/13/22 7:58,1
8/24/22 14:11,0
3/6/23 7:57,0
1/7/20 1:22,0
7/15/21 1:33,0
10/19/22 10:51,1
7/11/22 2:10,0
4/19/23 2:19,0
1/20/21 0:21,0
1/21/21 5:44,1
3/17/21 5:00,0
11/15/22 16:05,0
3/28/22 21:04,0
9/30/22 9:59,0
3/6/23 7:57,0
1/7/20 1:22,0
7/15/21 1:33,0
10/19/22 11:11,0
10/21/19 4:08,0
4/19/23 2:23,0
1/20/21 0:22,0
1/18/21 8:24,0
3/19/20 8:50,0
11/15/22 16:13,1
3/28/22 22:31,0
8/24/22 14:10,0
3/6/23 7:57,0
1/7/20 1:22,0
9/1/20 4:53,0
7/21/22 10:52,1
10/25/21 9:00,0
4/3/23 2:34,0
1/20/21 0:22,0
1/21/21 5:44,0
3/25/21 5:33,0
11/15/22 16:38,0
3/28/22 22:31,0
9/30/22 9:59,0
3/6/23 7:57,0
1/7/20 1:22,0
8/25/21 6:41,0
10/7/22 10:20,1
1/19/22 3:33,1
3/11/21 3:21,0
1/20/21 0:22,0
1/21/21 5:44,1
3/25/21 5:33,0
11/17/22 16:53,1
7/12/22 15:14,0
9/30/22 9:59,0
1/31/23 7:24,0
4/16/20 8:58,0
8/25/21 6:41,0
10/19/22 9:33,1
10/28/22 3:48,0
3/11/21 3:30,0
1/20/21 0:22,0
1/21/21 5:44,0
12/15/20 23:42,0
11/17/22 19:48,0
7/12/22 15:13,0
9/1/22 9:57,0
5/10/23 2:52,0
1/7/20 1:16,0
8/25/21 6:41,0
7/26/22 6:13,0
1/9/23 5:48,0
3/11/21 3:30,0
1/20/21 0:22,0
1/21/21 5:44,0
12/15/20 23:42,0
11/17/22 19:51,0
7/12/22 15:13,0
11/29/22 10:25,0
9/29/22 10:37,0
1/7/20 1:22,0
8/25/21 6:41,0
10/25/22 7:37,1
2/1/22 3:13,1
3/11/21 3:30,0